yu,タ`みv代q,1,85,Thu Oct 14 20:40:10 GMT+08:00 2021,1634215210000 
yu,タ`みv代q,1,86,Thu Oct 14 20:50:10 GMT+08:00 2021,1634215810000 
yu,タ`みv代q,1,85,Thu Oct 14 21:00:10 GMT+08:00 2021,1634216410000 
yu,タ`みv代q,1,78,Thu Oct 14 21:10:10 GMT+08:00 2021,1634217010000 
yu,タ`みv代q,1,77,Thu Oct 14 21:20:10 GMT+08:00 2021,1634217610000 
yu,タ`みv代q,1,75,Thu Oct 14 21:30:10 GMT+08:00 2021,1634218210000 
yu,タ`みv代q,1,74,Thu Oct 14 21:40:10 GMT+08:00 2021,1634218810000 
yu,タ`みv代q,1,73,Thu Oct 14 21:50:10 GMT+08:00 2021,1634219410000 
yu,タ`みv代q,1,72,Thu Oct 14 22:00:10 GMT+08:00 2021,1634220010000 
yu,タ`みv代q,1,74,Thu Oct 14 22:10:10 GMT+08:00 2021,1634220610000 
yu,材@Ω代q,1,80,Wed Oct 13 20:40:10 GMT+08:00 2021,1634128810000 
yu,材@Ω代q,1,79,Wed Oct 13 20:50:10 GMT+08:00 2021,1634129410000 
yu,材@Ω代q,1,78,Wed Oct 13 21:00:10 GMT+08:00 2021,1634130010000 
yu,材@Ω代q,1,80,Wed Oct 13 21:10:10 GMT+08:00 2021,1634130610000 
yu,材@Ω代q,1,81,Wed Oct 13 21:20:10 GMT+08:00 2021,1634131210000 
yu,材@Ω代q,1,82,Wed Oct 13 21:30:10 GMT+08:00 2021,1634131810000 
yu,材@Ω代q,1,80,Wed Oct 13 21:40:10 GMT+08:00 2021,1634132410000 
yu,材@Ω代q,1,81,Wed Oct 13 21:50:10 GMT+08:00 2021,1634133010000 
yu,材@Ω代q,1,80,Wed Oct 13 22:00:10 GMT+08:00 2021,1634133610000 
yu,材@Ω代q,1,81,Wed Oct 13 22:10:10 GMT+08:00 2021,1634134210000 
yu,材GΩ代q,1,74,Tus Oct 12 20:40:10 GMT+08:00 2021,1634042410000 
yu,材GΩ代q,1,75,Tus Oct 12 20:50:10 GMT+08:00 2021,1634043010000 
yu,材GΩ代q,1,73,Tus Oct 12 21:00:10 GMT+08:00 2021,1634043610000 
yu,材GΩ代q,1,74,Tus Oct 12 21:10:10 GMT+08:00 2021,1634044210000 
yu,材GΩ代q,1,76,Tus Oct 12 21:20:10 GMT+08:00 2021,1634044810000 
yu,材GΩ代q,1,75,Tus Oct 12 21:30:10 GMT+08:00 2021,1634045410000 
yu,材GΩ代q,1,74,Tus Oct 12 21:40:10 GMT+08:00 2021,1634046010000 
yu,材GΩ代q,1,76,Tus Oct 12 21:50:10 GMT+08:00 2021,1634046610000 
yu,材GΩ代q,1,78,Tus Oct 12 22:00:10 GMT+08:00 2021,1634047210000 
yu,材GΩ代q,1,84,Tus Oct 12 22:10:10 GMT+08:00 2021,1634047810000 
